bin_start_ms,t,count,p50_ms,p95_ms,max_ms,non2xx4xx
1789299196700,0.0,1,31.9,31.9,31.9,0
1789299196800,0.1,2,11.3,12.2,12.2,0
1789299196900,0.2,5,10.7,15.1,15.1,0
1789299197000,0.3,7,14.8,24.6,24.6,0
1789299197100,0.4,7,12.3,20.5,20.5,0
1789299197200,0.5,10,13.4,23.0,23.0,0
1789299197300,0.6,10,21.0,36.4,36.4,0
1789299197400,0.7,12,37.3,53.9,56.4,0
1789299197500,0.8,13,29.4,408.7,422.9,0
1789299197600,0.9,13,26.1,308.3,328.5,0
1789299197700,1.0,13,26.8,182.5,271.8,0
1789299197800,1.1,13,26.2,125.0,176.5,0
1789299197900,1.2,13,23.6,73.7,88.7,0
1789299198000,1.3,16,2.7,3.2,3.3,0
1789299198100,1.4,26,2.9,3.3,3.8,0
1789299198200,1.5,30,2.3,3.0,4.0,0
1789299198300,1.6,33,2.7,3.7,4.0,0
1789299198400,1.7,35,3.2,4.0,4.3,0
1789299198500,1.8,36,2.6,3.2,3.5,0
1789299198600,1.9,39,2.7,3.5,4.0,0
1789299198700,2.0,39,2.4,3.0,3.2,0
1789299198800,2.1,42,2.6,3.2,3.2,0
1789299198900,2.2,44,2.6,3.3,3.8,0
1789299199000,2.3,45,2.6,3.3,4.2,0
1789299199100,2.4,49,2.7,6.4,6.4,0
1789299199200,2.5,48,2.9,8.5,9.9,0
1789299199300,2.6,52,2.5,3.1,4.0,0
1789299199400,2.7,55,2.3,13.5,24.1,0
1789299199500,2.8,55,2.2,5.3,7.5,0
1789299199600,2.9,56,2.3,2.9,3.7,0
1789299199700,3.0,59,2.3,3.4,3.5,0
1789299199800,3.1,63,2.3,2.9,3.0,0
1789299199900,3.2,65,2.4,3.1,4.2,0
1789299200000,3.3,64,2.2,3.0,3.4,0
1789299200100,3.4,67,2.4,3.5,4.7,0
1789299200200,3.5,71,2.3,3.5,4.4,0
1789299200300,3.6,70,2.8,5.0,5.5,0
1789299200400,3.7,65,2.2,3.7,3.9,0
1789299200500,3.8,73,2.1,2.8,4.0,0
1789299200600,3.9,77,3.1,14.1,27.9,0
1789299200700,4.0,64,3.9,6.1,11.4,0
1789299200800,4.1,83,2.6,6.5,9.5,0
1789299200900,4.2,85,3.0,11.5,13.7,0
1789299201000,4.3,87,2.5,4.4,5.4,0
1789299201100,4.4,85,2.8,5.4,9.2,0
1789299201200,4.5,90,2.2,3.5,4.3,0
1789299201300,4.6,93,2.7,4.0,9.1,0
1789299201400,4.7,90,2.5,5.5,7.5,0
1789299201500,4.8,93,2.3,4.7,9.3,0
1789299201600,4.9,99,2.8,6.4,10.9,0
1789299201700,5.0,98,2.0,2.8,3.8,0
1789299201800,5.1,103,2.2,6.4,8.6,0
1789299201900,5.2,100,2.1,4.7,6.0,0
1789299202000,5.3,106,2.4,3.9,5.3,0
1789299202100,5.4,98,2.7,15.7,22.1,0
1789299202200,5.5,98,2.2,5.6,8.8,0
1789299202300,5.6,103,2.7,9.1,11.7,0
1789299202400,5.7,115,2.0,2.7,3.3,0
1789299202500,5.8,117,2.0,3.3,3.9,0
1789299202600,5.9,118,2.5,5.5,7.1,0
1789299202700,6.0,117,2.0,4.2,6.2,0
1789299202800,6.1,121,2.3,5.2,7.8,0
1789299202900,6.2,111,2.1,3.3,8.3,0
1789299203000,6.3,122,2.3,5.7,8.8,0
1789299203100,6.4,128,2.0,3.0,4.8,0
1789299203200,6.5,131,2.0,4.4,12.3,0
1789299203300,6.6,130,2.4,5.9,9.9,0
1789299203400,6.7,128,2.2,4.7,5.4,0
1789299203500,6.8,129,2.4,3.9,4.9,0
1789299203600,6.9,134,2.9,9.4,14.2,0
1789299203700,7.0,140,2.2,4.7,8.5,0
1789299203800,7.1,143,2.2,5.8,9.9,0
1789299203900,7.2,142,2.3,4.0,9.8,0
1789299204000,7.3,142,2.8,9.6,33.5,0
1789299204100,7.4,147,2.3,8.3,11.4,0
1789299204200,7.5,150,2.1,7.1,8.7,0
1789299204300,7.6,151,2.3,5.6,10.4,0
1789299204400,7.7,155,2.0,3.4,4.1,0
1789299204500,7.8,133,2.7,6.3,10.4,0
1789299204600,7.9,145,2.9,7.4,9.0,0
1789299204700,8.0,156,2.3,7.8,11.5,0
1789299204800,8.1,163,2.3,5.3,8.0,0
1789299204900,8.2,159,2.4,10.8,17.5,0
1789299205000,8.3,150,2.2,5.1,8.4,0
1789299205100,8.4,160,2.6,12.4,31.8,0
1789299205200,8.5,164,2.2,4.9,7.5,0
1789299205300,8.6,173,2.9,7.6,11.6,0
1789299205400,8.7,169,2.4,6.0,7.3,0
1789299205500,8.8,171,3.8,10.4,19.0,0
1789299205600,8.9,178,6.1,18.9,26.2,0
1789299205700,9.0,157,2.9,6.4,8.1,0
1789299205800,9.1,167,2.5,5.3,8.4,0
1789299205900,9.2,174,3.4,9.1,16.0,0
1789299206000,9.3,177,2.7,12.2,13.8,0
1789299206100,9.4,184,2.0,4.8,8.8,0
1789299206200,9.5,174,2.7,6.1,11.7,0
1789299206300,9.6,189,3.9,11.3,16.7,0
1789299206400,9.7,184,2.4,6.2,17.7,0
1789299206500,9.8,197,2.7,5.4,8.3,0
1789299206600,9.9,199,3.4,7.6,9.9,0
1789299206700,10.0,200,2.4,5.7,9.5,0
1789299206800,10.1,195,3.5,22.5,37.3,0
1789299206900,10.2,188,26.2,45.7,63.1,0
1789299207000,10.3,141,3.2,6.5,9.8,0
1789299207100,10.4,203,3.0,7.4,10.5,0
1789299207200,10.5,195,2.3,4.8,6.9,0
1789299207300,10.6,206,2.9,12.3,15.0,0
1789299207400,10.7,210,3.6,15.1,19.8,0
1789299207500,10.8,214,3.1,9.5,14.0,0
1789299207600,10.9,206,4.9,13.9,23.4,0
1789299207700,11.0,195,3.7,32.2,39.3,0
1789299207800,11.1,171,2.8,8.7,18.7,0
1789299207900,11.2,224,2.7,7.6,11.4,0
1789299208000,11.3,225,3.1,9.7,15.5,0
1789299208100,11.4,220,2.9,8.5,13.6,0
1789299208200,11.5,227,5.3,15.7,19.3,0
1789299208300,11.6,230,5.7,11.0,16.9,0
1789299208400,11.7,235,2.9,8.6,19.1,0
1789299208500,11.8,236,2.4,5.7,8.2,0
1789299208600,11.9,209,5.7,27.2,30.4,0
1789299208700,12.0,174,3.3,9.5,9.8,0
1789299208800,12.1,243,11.0,22.8,31.4,0
1789299208900,12.2,216,5.3,11.6,17.6,0
1789299209000,12.3,240,5.6,13.7,19.5,0
1789299209100,12.4,247,3.4,11.3,14.8,0
1789299209200,12.5,245,4.0,10.3,13.1,0
1789299209300,12.6,253,3.4,12.5,17.2,0
1789299209400,12.7,255,19.7,42.5,59.4,0
1789299209500,12.8,145,2.4,9.3,13.2,0
1789299209600,12.9,228,6.2,14.2,26.3,0
1789299209700,13.0,258,5.7,15.4,26.9,0
1789299209800,13.1,261,2.2,4.5,5.9,0
1789299209900,13.2,259,2.3,5.8,10.2,0
1789299210000,13.3,254,9.5,21.8,30.1,0
1789299210100,13.4,262,5.5,20.1,25.7,0
1789299210200,13.5,230,3.4,8.4,19.4,0
1789299210300,13.6,260,11.6,27.8,37.2,0
1789299210400,13.7,210,4.8,23.5,29.3,0
1789299210500,13.8,268,2.7,6.2,10.0,0
1789299210600,13.9,267,3.8,12.4,24.6,0
1789299210700,14.0,269,3.1,13.6,26.8,0
1789299210800,14.1,269,2.3,4.9,7.8,0
1789299210900,14.2,276,2.2,6.1,13.4,0
1789299211000,14.3,270,2.5,7.5,13.0,0
1789299211100,14.4,287,2.6,7.0,10.6,0
1789299211200,14.5,287,2.8,7.6,12.5,0
1789299211300,14.6,270,3.5,9.2,19.1,0
1789299211400,14.7,268,3.6,6.9,9.8,0
1789299211500,14.8,291,3.3,11.3,18.6,0
1789299211600,14.9,291,2.7,5.3,10.2,0
1789299211700,15.0,287,3.4,12.2,21.4,0
1789299211800,15.1,275,10.3,21.6,43.2,0
1789299211900,15.2,270,9.4,24.9,45.4,0
1789299212000,15.3,258,8.7,38.2,44.5,0
1789299212100,15.4,287,4.1,9.6,17.6,0
1789299212200,15.5,302,3.6,12.0,20.2,0
1789299212300,15.6,292,7.8,30.9,46.5,0
1789299212400,15.7,263,17.3,35.7,46.4,0
1789299212500,15.8,272,3.3,10.2,16.9,0
1789299212600,15.9,299,7.4,14.1,31.0,0
1789299212700,16.0,278,8.7,22.6,46.7,0
1789299212800,16.1,312,3.5,8.2,16.1,0
1789299212900,16.2,325,5.2,15.1,24.0,0
1789299213000,16.3,293,3.6,9.3,13.3,0
1789299213100,16.4,328,3.6,9.8,16.0,0
1789299213200,16.5,307,3.0,6.4,9.6,0
1789299213300,16.6,304,3.3,41.6,58.9,0
1789299213400,16.7,267,7.4,29.1,41.3,0
1789299213500,16.8,337,3.4,8.5,12.7,0
1789299213600,16.9,339,5.0,14.9,29.5,0
1789299213700,17.0,293,11.9,29.4,48.2,0
1789299213800,17.1,312,8.1,17.0,22.2,0
1789299213900,17.2,250,15.9,39.1,60.9,0
1789299214000,17.3,282,12.5,26.8,33.8,0
1789299214100,17.4,316,6.8,19.6,29.0,0
1789299214200,17.5,345,5.5,11.7,25.9,0
1789299214300,17.6,333,3.9,10.2,14.6,0
1789299214400,17.7,347,3.1,13.7,20.8,0
1789299214500,17.8,302,2.8,6.9,9.0,0
1789299214600,17.9,345,9.3,25.6,30.2,0
1789299214700,18.0,346,6.5,35.7,41.1,0
1789299214800,18.1,310,7.9,30.2,46.0,0
1789299214900,18.2,262,15.1,37.3,57.4,0
1789299215000,18.3,346,21.9,44.6,62.0,0
1789299215100,18.4,269,5.0,14.2,16.2,0
1789299215200,18.5,366,4.4,10.7,18.2,0
1789299215300,18.6,320,7.2,20.4,30.3,0
1789299215400,18.7,357,3.0,6.6,10.6,0
1789299215500,18.8,360,3.4,11.8,20.5,0
1789299215600,18.9,365,4.6,16.2,38.0,0
1789299215700,19.0,322,8.4,20.9,31.6,0
1789299215800,19.1,368,6.7,19.3,36.3,0
1789299215900,19.2,384,13.3,34.8,70.1,0
1789299216000,19.3,251,19.0,54.2,81.7,0
1789299216100,19.4,205,32.3,158.5,204.4,0
1789299216200,19.5,206,109.4,312.9,500.2,0
1789299216300,19.6,204,193.5,343.6,407.1,0
1789299216400,19.7,145,162.8,264.4,311.2,0
1789299216500,19.8,112,126.8,184.8,226.8,0
1789299216600,19.9,116,56.0,103.8,132.9,0
1789299216700,20.0,237,27.1,57.1,89.0,0
1789299216800,20.1,372,24.6,89.7,135.5,0
1789299216900,20.2,245,15.4,117.6,217.2,0
1789299217000,20.3,235,65.6,108.7,122.7,0
1789299217100,20.4,250,19.9,47.1,72.5,0
1789299217200,20.5,386,19.8,42.5,65.2,0
1789299217300,20.6,327,13.5,35.8,75.6,0
1789299217400,20.7,339,7.9,32.3,42.7,0
1789299217500,20.8,378,4.1,11.0,16.5,0
1789299217600,20.9,400,7.3,33.3,47.2,0
1789299217700,21.0,384,28.8,53.5,104.0,0
1789299217800,21.1,357,4.9,19.7,34.3,0
1789299217900,21.2,358,8.8,43.7,136.2,0
1789299218000,21.3,284,60.2,108.0,128.8,0
1789299218100,21.4,250,16.4,59.5,68.0,0
1789299218200,21.5,407,4.8,11.8,17.6,0
1789299218300,21.6,396,6.7,22.2,31.6,0
1789299218400,21.7,367,3.0,11.1,19.4,0
1789299218500,21.8,423,3.9,11.4,17.6,0
1789299218600,21.9,420,7.1,24.6,35.6,0
1789299218700,22.0,337,36.1,75.5,117.8,0
1789299218800,22.1,259,15.5,48.7,68.5,0
1789299218900,22.2,444,14.4,35.0,65.9,0
1789299219000,22.3,382,13.9,39.0,62.6,0
1789299219100,22.4,292,49.8,175.3,211.6,0
1789299219200,22.5,218,102.7,138.9,165.4,0
1789299219300,22.6,176,23.6,65.4,84.3,0
1789299219400,22.7,455,13.3,29.2,41.6,0
1789299219500,22.8,345,4.5,10.5,14.6,0
1789299219600,22.9,419,9.8,20.6,48.8,0
1789299219700,23.0,414,21.8,39.4,53.8,0
1789299219800,23.1,282,18.0,41.4,61.4,0
1789299219900,23.2,391,20.2,35.6,61.3,0
1789299220000,23.3,466,11.5,22.7,36.4,0
1789299220100,23.4,417,9.7,25.9,40.8,0
1789299220200,23.5,375,5.2,20.8,31.4,0
1789299220300,23.6,338,21.8,83.5,111.1,0
1789299220400,23.7,362,32.9,68.5,85.4,0
1789299220500,23.8,418,6.4,33.9,52.9,0
1789299220600,23.9,338,6.8,25.1,42.5,0
1789299220700,24.0,428,15.1,34.0,50.6,0
1789299220800,24.1,348,12.9,62.5,82.3,0
1789299220900,24.2,405,26.8,59.3,87.0,0
1789299221000,24.3,408,15.0,55.2,94.7,0
1789299221100,24.4,337,9.0,29.0,47.0,0
1789299221200,24.5,479,6.2,16.6,26.4,0
1789299221300,24.6,367,15.3,71.4,91.7,0
1789299221400,24.7,405,30.5,68.8,96.3,0
1789299221500,24.8,339,12.1,28.5,41.8,0
1789299221600,24.9,452,14.7,33.1,42.8,0
1789299221700,25.0,405,16.3,31.9,51.1,0
1789299221800,25.1,350,10.9,95.3,134.3,0
1789299221900,25.2,357,23.5,52.5,101.2,0
1789299222000,25.3,345,4.5,22.5,33.3,0
1789299222100,25.4,428,14.2,44.3,66.7,0
1789299222200,25.5,395,4.9,11.8,18.0,0
1789299222300,25.6,326,11.2,86.8,114.1,0
1789299222400,25.7,313,18.0,56.7,65.8,0
1789299222500,25.8,413,15.5,57.0,87.4,0
1789299222600,25.9,250,7.0,30.3,38.3,0
1789299222700,26.0,378,11.7,23.2,47.1,0
1789299222800,26.1,315,9.4,37.5,76.5,0
1789299222900,26.2,311,22.2,47.5,64.3,0
1789299223000,26.3,318,7.5,19.2,36.1,0
1789299223100,26.4,302,4.0,9.7,13.5,0
1789299223200,26.5,318,5.1,13.0,21.2,0
1789299223300,26.6,324,3.6,10.4,21.4,0
1789299223400,26.7,313,3.1,5.8,9.8,0
1789299223500,26.8,305,4.3,16.3,38.7,0
1789299223600,26.9,267,8.1,15.9,23.4,0
1789299223700,27.0,299,4.6,8.9,18.8,0
1789299223800,27.1,288,2.3,5.6,9.2,0
1789299223900,27.2,278,2.1,4.6,6.6,0
1789299224000,27.3,212,16.3,30.9,43.3,0
1789299224100,27.4,213,7.2,17.2,25.9,0
1789299224200,27.5,204,4.5,14.8,21.4,0
1789299224300,27.6,237,2.6,6.4,11.4,0
1789299224400,27.7,232,2.2,5.4,12.2,0
1789299224500,27.8,217,2.7,5.7,6.9,0
1789299224600,27.9,207,2.7,5.8,14.1,0
1789299224700,28.0,200,3.0,11.2,19.5,0
1789299224800,28.1,180,6.0,12.9,18.7,0
1789299224900,28.2,176,2.5,10.3,12.9,0
1789299225000,28.3,162,2.6,6.6,11.4,0
1789299225100,28.4,135,2.2,7.6,14.7,0
1789299225200,28.5,124,2.5,9.4,11.5,0
1789299225300,28.6,129,2.3,4.8,8.1,0
1789299225400,28.7,122,2.5,4.9,6.8,0
1789299225500,28.8,119,2.1,3.9,9.7,0
1789299225600,28.9,107,2.0,3.8,4.3,0
1789299225700,29.0,100,2.3,13.5,13.8,0
1789299225800,29.1,90,2.1,3.5,3.8,0
1789299225900,29.2,78,2.0,3.2,3.8,0
1789299226000,29.3,66,2.2,2.8,6.5,0
1789299226100,29.4,57,2.3,3.6,5.2,0
1789299226200,29.5,47,2.4,2.9,4.5,0
1789299226300,29.6,37,2.7,4.3,4.5,0
1789299226400,29.7,25,2.5,2.8,3.0,0
1789299226500,29.8,17,2.6,3.2,4.2,0
1789299226600,29.9,7,2.7,3.0,3.0,0
